Vanaf;Tot;Verbruik laag tarief;Verbruik hoog tarief;Teruglevering laag tarief;Teruglevering hoog tarief;Totaal;Doelstelling;Prestatie;
2019-07-01 00:00;2019-07-01 08:00;3,14100;0,82800;0,00000;0,00000;3,96900;5,71038;-30;
2019-07-01 08:00;2019-07-01 16:00;0,00000;3,34700;0,00000;-1,24500;2,10200;5,71038;-63;
2019-07-01 16:00;2019-07-02 00:00;0,46000;6,14700;0,00000;-0,00100;6,60600;5,71038;16;
2019-07-02 00:00;2019-07-02 08:00;2,94800;0,42600;0,00000;0,00000;3,37400;5,71038;-41;
2019-07-02 08:00;2019-07-02 16:00;0,00000;1,73500;0,00000;-1,16700;0,56800;5,71038;-90;
2019-07-02 16:00;2019-07-03 00:00;0,65700;6,02700;0,00000;-0,02800;6,65600;5,71038;17;
2019-07-03 00:00;2019-07-03 08:00;2,72700;1,46100;0,00000;0,00000;4,18800;5,71038;-27;
2019-07-03 08:00;2019-07-03 16:00;0,00000;6,65100;0,00000;-0,04200;6,60900;5,71038;16;
2019-07-03 16:00;2019-07-04 00:00;0,66800;7,25800;0,00000;0,00000;7,92600;5,71038;39;
2019-07-04 00:00;2019-07-04 08:00;2,78200;0,87900;0,00000;0,00000;3,66100;5,71038;-36;
2019-07-04 08:00;2019-07-04 16:00;0,00000;2,06000;0,00000;-1,43800;0,62200;5,71038;-89;
2019-07-04 16:00;2019-07-05 00:00;0,68300;4,55600;0,00000;0,00000;5,23900;5,71038;-8;
2019-07-05 00:00;2019-07-05 08:00;2,91700;0,85600;0,00000;0,00000;3,77300;5,71038;-34;
2019-07-05 08:00;2019-07-05 16:00;0,00000;3,36100;0,00000;-0,12300;3,23800;5,71038;-43;
2019-07-05 16:00;2019-07-06 00:00;0,64900;6,19200;0,00000;0,00000;6,84100;5,71038;20;
2019-07-06 00:00;2019-07-06 08:00;3,19700;0,00000;0,00000;0,00000;3,19700;5,71038;-44;
2019-07-06 08:00;2019-07-06 16:00;7,12700;0,00000;-0,05900;0,00000;7,06800;5,71038;24;
2019-07-06 16:00;2019-07-07 00:00;7,67200;0,00000;0,00000;0,00000;7,67200;5,71038;34;
2019-07-07 00:00;2019-07-07 08:00;3,23400;0,00000;0,00000;0,00000;3,23400;5,71038;-43;
2019-07-07 08:00;2019-07-07 16:00;5,72400;0,00000;-0,13600;0,00000;5,58800;5,71038;-2;
2019-07-07 16:00;2019-07-08 00:00;9,83800;0,00000;0,00000;0,00000;9,83800;5,71038;72;
2019-07-08 00:00;2019-07-08 08:00;2,73300;0,30500;0,00000;0,00000;3,03800;5,71038;-47;
2019-07-08 08:00;2019-07-08 16:00;0,00000;4,41500;0,00000;-0,14300;4,27200;5,71038;-25;
2019-07-08 16:00;2019-07-09 00:00;0,66200;5,15100;0,00000;0,00000;5,81300;5,71038;2;
2019-07-09 00:00;2019-07-09 08:00;3,45600;0,43600;0,00000;0,00000;3,89200;5,71038;-32;
2019-07-09 08:00;2019-07-09 16:00;0,00000;3,10600;0,00000;-0,48600;2,62000;5,71038;-54;
2019-07-09 16:00;2019-07-10 00:00;0,67900;3,69400;0,00000;-0,04500;4,32800;5,71038;-24;
2019-07-10 00:00;2019-07-10 08:00;2,87100;0,70000;0,00000;0,00000;3,57100;5,71038;-37;
2019-07-10 08:00;2019-07-10 16:00;0,00000;6,75300;0,00000;-0,00100;6,75200;5,71038;18;
2019-07-10 16:00;2019-07-11 00:00;0,54900;7,17100;0,00000;0,00000;7,72000;5,71038;35;
2019-07-11 00:00;2019-07-11 08:00;2,62900;1,48700;0,00000;0,00000;4,11600;5,71038;-28;
2019-07-11 08:00;2019-07-11 16:00;0,00000;2,50500;0,00000;-0,11700;2,38800;5,71038;-58;
2019-07-11 16:00;2019-07-12 00:00;0,63500;6,18300;0,00000;-0,01600;6,80200;5,71038;19;
2019-07-12 00:00;2019-07-12 08:00;2,83300;0,75200;0,00000;0,00000;3,58500;5,71038;-37;
2019-07-12 08:00;2019-07-12 16:00;0,00000;6,22100;0,00000;-0,00900;6,21200;5,71038;9;
2019-07-12 16:00;2019-07-13 00:00;0,90200;5,57400;0,00000;0,00000;6,47600;5,71038;13;
2019-07-13 00:00;2019-07-13 08:00;3,48100;0,00000;0,00000;0,00000;3,48100;5,71038;-39;
2019-07-13 08:00;2019-07-13 16:00;8,45300;0,00000;-0,03400;0,00000;8,41900;5,71038;47;
2019-07-13 16:00;2019-07-14 00:00;6,97800;0,00000;0,00000;0,00000;6,97800;5,71038;22;
2019-07-14 00:00;2019-07-14 08:00;3,29000;0,00000;0,00000;0,00000;3,29000;5,71038;-42;
2019-07-14 08:00;2019-07-14 16:00;4,46000;0,00000;-0,22200;0,00000;4,23800;5,71038;-26;
2019-07-14 16:00;2019-07-15 00:00;5,59100;0,00000;-0,07000;0,00000;5,52100;5,71038;-3;
2019-07-15 00:00;2019-07-15 08:00;3,83500;0,90200;0,00000;0,00000;4,73700;5,71038;-17;
2019-07-15 08:00;2019-07-15 16:00;0,00000;4,41200;0,00000;-0,00200;4,41000;5,71038;-23;
2019-07-15 16:00;2019-07-16 00:00;0,72000;6,42900;0,00000;-0,00100;7,14800;5,71038;25;
2019-07-16 00:00;2019-07-16 08:00;4,77400;0,39000;0,00000;0,00000;5,16400;5,71038;-10;
2019-07-16 08:00;2019-07-16 16:00;0,00000;4,17900;0,00000;0,00000;4,17900;5,71038;-27;
2019-07-16 16:00;2019-07-17 00:00;0,58600;5,74000;0,00000;0,00000;6,32600;5,71038;11;
2019-07-17 00:00;2019-07-17 08:00;2,79100;0,95700;0,00000;0,00000;3,74800;5,71038;-34;
2019-07-17 08:00;2019-07-17 16:00;0,00000;3,09100;0,00000;-0,21800;2,87300;5,71038;-50;
2019-07-17 16:00;2019-07-18 00:00;0,55900;7,91000;0,00000;0,00000;8,46900;5,71038;48;
2019-07-18 00:00;2019-07-18 08:00;3,35700;0,97800;0,00000;0,00000;4,33500;5,71038;-24;
2019-07-18 08:00;2019-07-18 16:00;0,00000;2,31100;0,00000;-0,35500;1,95600;5,71038;-66;
2019-07-18 16:00;2019-07-19 00:00;0,57100;5,41200;0,00000;0,00000;5,98300;5,71038;5;
2019-07-19 00:00;2019-07-19 08:00;2,73700;1,80300;0,00000;0,00000;4,54000;5,71038;-20;
2019-07-19 08:00;2019-07-19 16:00;0,00000;4,65200;0,00000;-0,10000;4,55200;5,71038;-20;
2019-07-19 16:00;2019-07-20 00:00;0,92700;5,55600;0,00000;-0,00300;6,48000;5,71038;13;
2019-07-20 00:00;2019-07-20 08:00;3,21900;0,00000;0,00000;0,00000;3,21900;5,71038;-44;
2019-07-20 08:00;2019-07-20 16:00;6,25100;0,00000;-0,08400;0,00000;6,16700;5,71038;8;
2019-07-20 16:00;2019-07-21 00:00;9,06600;0,00000;0,00000;0,00000;9,06600;5,71038;59;
2019-07-21 00:00;2019-07-21 08:00;3,22600;0,00000;0,00000;0,00000;3,22600;5,71038;-44;
2019-07-21 08:00;2019-07-21 16:00;3,47900;0,00000;-0,17100;0,00000;3,30800;5,71038;-42;
2019-07-21 16:00;2019-07-22 00:00;6,66200;0,00000;0,00000;0,00000;6,66200;5,71038;17;
2019-07-22 00:00;2019-07-22 08:00;2,83000;1,75100;0,00000;0,00000;4,58100;5,71038;-20;
2019-07-22 08:00;2019-07-22 16:00;0,00000;4,36300;0,00000;-0,26100;4,10200;5,71038;-28;
2019-07-22 16:00;2019-07-23 00:00;0,78500;5,42000;0,00000;-0,00300;6,20200;5,71038;9;
2019-07-23 00:00;2019-07-23 08:00;4,41900;0,51100;0,00000;0,00000;4,93000;5,71038;-14;
2019-07-23 08:00;2019-07-23 16:00;0,00000;2,34800;0,00000;-0,60700;1,74100;5,71038;-70;
2019-07-23 16:00;2019-07-24 00:00;0,68000;4,82900;0,00000;-0,00200;5,50700;5,71038;-4;
2019-07-24 00:00;2019-07-24 08:00;2,85300;1,03700;0,00000;0,00000;3,89000;5,71038;-32;
2019-07-24 08:00;2019-07-24 16:00;0,00000;3,04000;0,00000;-0,07700;2,96300;5,71038;-48;
2019-07-24 16:00;2019-07-25 00:00;0,64700;6,03900;0,00000;0,00000;6,68600;5,71038;17;
2019-07-25 00:00;2019-07-25 08:00;2,96900;1,53300;0,00000;0,00000;4,50200;5,71038;-21;
2019-07-25 08:00;2019-07-25 16:00;0,00000;2,93500;0,00000;-0,02700;2,90800;5,71038;-49;
2019-07-25 16:00;2019-07-26 00:00;0,69900;5,89700;0,00000;0,00000;6,59600;5,71038;16;
2019-07-26 00:00;2019-07-26 08:00;2,85300;1,11300;0,00000;0,00000;3,96600;5,71078;-31;
2019-07-26 08:00;2019-07-26 16:00;0,00000;1,83100;0,00000;-0,05600;1,77500;5,71078;-69;
2019-07-26 16:00;2019-07-27 00:00;0,70500;6,31900;0,00000;0,00000;7,02400;5,71078;23;
2019-07-27 00:00;2019-07-27 08:00;4,66000;0,00000;0,00000;0,00000;4,66000;5,71416;-18;
2019-07-27 08:00;2019-07-27 16:00;3,32300;0,00000;-0,16600;0,00000;3,15700;5,71416;-45;
2019-07-27 16:00;2019-07-28 00:00;8,40900;0,00000;0,00000;0,00000;8,40900;5,71416;47;
2019-07-28 00:00;2019-07-28 08:00;3,63400;0,00000;0,00000;0,00000;3,63400;5,71762;-36;
2019-07-28 08:00;2019-07-28 16:00;4,95400;0,00000;-0,07900;0,00000;4,87500;5,71762;-15;
2019-07-28 16:00;2019-07-29 00:00;7,12000;0,00000;0,00000;0,00000;7,12000;5,71762;25;
2019-07-29 00:00;2019-07-29 08:00;2,91400;0,39900;0,00000;0,00000;3,31300;5,72116;-42;
2019-07-29 08:00;2019-07-29 16:00;0,00000;1,28800;0,00000;-1,12200;0,16600;5,72116;-97;
2019-07-29 16:00;2019-07-30 00:00;0,66200;5,15400;0,00000;0,00000;5,81600;5,72116;2;
2019-07-30 00:00;2019-07-30 08:00;4,89500;0,43200;0,00000;0,00000;5,32700;5,72479;-7;
2019-07-30 08:00;2019-07-30 16:00;0,00000;0,97000;0,00000;-1,29000;-0,32000;5,72479;-106;
2019-07-30 16:00;2019-07-31 00:00;0,87400;4,56400;0,00000;-0,06000;5,37800;5,72479;-6;
2019-07-31 00:00;2019-07-31 08:00;2,83900;1,01400;0,00000;0,00000;3,85300;5,72850;-33;
2019-07-31 08:00;2019-07-31 16:00;0,00000;5,76500;0,00000;-0,13900;5,62600;5,72850;-2;
2019-07-31 16:00;2019-08-01 00:00;0,58600;6,42600;0,00000;0,00000;7,01200;5,72850;22;
2019-08-01 00:00;2019-08-01 08:00;2,79800;0,41900;0,00000;0,00000;3,21700;5,73230;-44;
2019-08-01 08:00;2019-08-01 16:00;0,00000;3,12500;0,00000;-0,58300;2,54200;5,73230;-56;
2019-08-01 16:00;2019-08-02 00:00;0,63300;5,36700;0,00000;-0,03200;5,96800;5,73230;4;
2019-08-02 00:00;2019-08-02 08:00;2,66400;0,52700;0,00000;0,00000;3,19100;5,73617;-44;
2019-08-02 08:00;2019-08-02 16:00;0,00000;8,00000;0,00000;-0,01300;7,98700;5,73617;39;
2019-08-02 16:00;2019-08-03 00:00;0,68800;5,76000;0,00000;0,00000;6,44800;5,73617;12;
2019-08-03 00:00;2019-08-03 08:00;3,27500;0,00000;0,00000;0,00000;3,27500;5,74012;-43;
2019-08-03 08:00;2019-08-03 16:00;5,60400;0,00000;-0,00900;0,00000;5,59500;5,74012;-3;
2019-08-03 16:00;2019-08-04 00:00;8,79000;0,00000;0,00000;0,00000;8,79000;5,74012;53;
2019-08-04 00:00;2019-08-04 08:00;3,67000;0,00000;0,00000;0,00000;3,67000;5,74415;-36;
2019-08-04 08:00;2019-08-04 16:00;4,37100;0,00000;-0,36800;0,00000;4,00300;5,74415;-30;
2019-08-04 16:00;2019-08-05 00:00;8,67100;0,00000;0,00000;0,00000;8,67100;5,74415;51;
2019-08-05 00:00;2019-08-05 08:00;2,79300;0,37100;0,00000;0,00000;3,16400;5,74826;-45;
2019-08-05 08:00;2019-08-05 16:00;0,00000;3,44700;0,00000;-0,59900;2,84800;5,74826;-50;
2019-08-05 16:00;2019-08-06 00:00;0,66700;5,93600;0,00000;-0,07300;6,53000;5,74826;14;
2019-08-06 00:00;2019-08-06 08:00;2,80200;0,33700;0,00000;0,00000;3,13900;5,75244;-45;
2019-08-06 08:00;2019-08-06 16:00;0,00000;2,76500;0,00000;-0,26100;2,50400;5,75244;-56;
2019-08-06 16:00;2019-08-07 00:00;0,65800;6,33800;0,00000;-0,03400;6,96200;5,75244;21;
2019-08-07 00:00;2019-08-07 08:00;2,79900;0,54500;0,00000;0,00000;3,34400;5,75670;-42;
2019-08-07 08:00;2019-08-07 16:00;0,00000;3,47400;0,00000;-0,26100;3,21300;5,75670;-44;
2019-08-07 16:00;2019-08-08 00:00;0,82300;6,41800;0,00000;0,00000;7,24100;5,75670;26;
2019-08-08 00:00;2019-08-08 08:00;3,03200;0,50100;0,00000;0,00000;3,53300;5,76103;-39;
2019-08-08 08:00;2019-08-08 16:00;0,00000;4,42100;0,00000;-0,31200;4,10900;5,76103;-29;
2019-08-08 16:00;2019-08-09 00:00;0,68300;6,06800;0,00000;-0,00500;6,74600;5,76103;17;
2019-08-09 00:00;2019-08-09 08:00;3,19500;0,53000;0,00000;0,00000;3,72500;5,76543;-35;
2019-08-09 08:00;2019-08-09 16:00;0,00000;9,63900;0,00000;0,00000;9,63900;5,76543;67;
2019-08-09 16:00;2019-08-10 00:00;0,66600;6,50200;0,00000;0,00000;7,16800;5,76543;24;
2019-08-10 00:00;2019-08-10 08:00;3,42500;0,00000;0,00000;0,00000;3,42500;5,76990;-41;
2019-08-10 08:00;2019-08-10 16:00;5,73500;0,00000;-0,20000;0,00000;5,53500;5,76990;-4;
2019-08-10 16:00;2019-08-11 00:00;8,12300;0,00000;0,00000;0,00000;8,12300;5,76990;41;
2019-08-11 00:00;2019-08-11 08:00;4,06900;0,00000;0,00000;0,00000;4,06900;5,77444;-30;
2019-08-11 08:00;2019-08-11 16:00;2,20000;0,00000;-0,64200;0,00000;1,55800;5,77444;-73;
2019-08-11 16:00;2019-08-12 00:00;1,91800;0,00000;0,00000;0,00000;1,91800;5,77444;-67;
2019-08-12 00:00;2019-08-12 08:00;2,03900;0,22900;0,00000;0,00000;2,26800;5,77904;-61;
2019-08-12 08:00;2019-08-12 16:00;0,00000;0,90300;0,00000;-1,21900;-0,31600;5,77904;-105;
2019-08-12 16:00;2019-08-13 00:00;0,29700;1,85200;0,00000;0,00000;2,14900;5,77904;-63;
2019-08-13 00:00;2019-08-13 08:00;2,04600;0,41800;0,00000;0,00000;2,46400;5,78372;-57;
2019-08-13 08:00;2019-08-13 16:00;0,00000;0,83900;0,00000;-1,63600;-0,79700;5,78372;-114;
2019-08-13 16:00;2019-08-14 00:00;0,24800;1,50800;0,00000;-0,24700;1,50900;5,78372;-74;
2019-08-14 00:00;2019-08-14 08:00;2,01700;0,22500;0,00000;0,00000;2,24200;5,78846;-61;
2019-08-14 08:00;2019-08-14 16:00;0,00000;0,59800;0,00000;-2,48100;-1,88300;5,78846;-133;
2019-08-14 16:00;2019-08-15 00:00;0,24700;1,58800;0,00000;-0,21100;1,62400;5,78846;-72;
2019-08-15 00:00;2019-08-15 08:00;2,02700;0,25200;0,00000;0,00000;2,27900;5,79326;-61;
2019-08-15 08:00;2019-08-15 16:00;0,00000;1,11500;0,00000;-0,73300;0,38200;5,79326;-93;
2019-08-15 16:00;2019-08-16 00:00;0,25300;1,69300;0,00000;-0,07400;1,87200;5,79326;-68;
2019-08-16 00:00;2019-08-16 08:00;2,00800;0,19000;0,00000;0,00000;2,19800;5,79813;-62;
2019-08-16 08:00;2019-08-16 16:00;0,00000;0,74600;0,00000;-1,20100;-0,45500;5,79813;-108;
2019-08-16 16:00;2019-08-17 00:00;0,23600;1,60900;0,00000;-0,12100;1,72400;5,79813;-70;
2019-08-17 00:00;2019-08-17 08:00;2,37600;0,00000;0,00000;0,00000;2,37600;5,80305;-59;
2019-08-17 08:00;2019-08-17 16:00;1,37500;0,00000;-0,12200;0,00000;1,25300;5,80305;-78;
2019-08-17 16:00;2019-08-18 00:00;1,84600;0,00000;0,00000;0,00000;1,84600;5,80305;-68;
2019-08-18 00:00;2019-08-18 08:00;2,49500;0,00000;0,00000;0,00000;2,49500;5,80803;-57;
2019-08-18 08:00;2019-08-18 16:00;1,28800;0,00000;-0,02000;0,00000;1,26800;5,80803;-78;
2019-08-18 16:00;2019-08-19 00:00;1,81800;0,00000;-0,14200;0,00000;1,67600;5,80803;-71;
2019-08-19 00:00;2019-08-19 08:00;1,97500;0,21400;0,00000;0,00000;2,18900;5,81308;-62;
2019-08-19 08:00;2019-08-19 16:00;0,00000;0,57400;0,00000;-2,09500;-1,52100;5,81308;-126;
2019-08-19 16:00;2019-08-20 00:00;0,24700;1,36500;0,00000;-0,47700;1,13500;5,81308;-80;
2019-08-20 00:00;2019-08-20 08:00;1,98200;0,44200;0,00000;0,00000;2,42400;5,81818;-58;
2019-08-20 08:00;2019-08-20 16:00;0,00000;0,61900;0,00000;-2,00500;-1,38600;5,81818;-124;
2019-08-20 16:00;2019-08-21 00:00;0,33400;1,38900;0,00000;-0,30100;1,42200;5,81818;-76;
2019-08-21 00:00;2019-08-21 08:00;2,13300;0,23000;0,00000;0,00000;2,36300;5,82333;-59;
2019-08-21 08:00;2019-08-21 16:00;0,00000;0,34100;0,00000;-1,77700;-1,43600;5,82333;-125;
2019-08-21 16:00;2019-08-22 00:00;0,24000;1,44300;0,00000;-0,08500;1,59800;5,82333;-73;
2019-08-22 00:00;2019-08-22 08:00;1,98400;0,22000;0,00000;0,00000;2,20400;5,82854;-62;
2019-08-22 08:00;2019-08-22 16:00;0,00000;0,58600;0,00000;-2,86500;-2,27900;5,82854;-139;
2019-08-22 16:00;2019-08-23 00:00;0,53000;4,33200;0,00000;-0,30800;4,55400;5,82854;-22;
2019-08-23 00:00;2019-08-23 08:00;2,21700;0,87400;0,00000;0,00000;3,09100;5,83379;-47;
2019-08-23 08:00;2019-08-23 16:00;0,00000;4,11300;0,00000;-0,29300;3,82000;5,83379;-35;
2019-08-23 16:00;2019-08-24 00:00;0,58800;7,21100;0,00000;0,00000;7,79900;5,83379;34;
2019-08-24 00:00;2019-08-24 08:00;2,58000;0,00000;0,00000;0,00000;2,58000;5,83910;-56;
2019-08-24 08:00;2019-08-24 16:00;3,31700;0,00000;-0,40100;0,00000;2,91600;5,83910;-50;
2019-08-24 16:00;2019-08-25 00:00;7,18800;0,00000;0,00000;0,00000;7,18800;5,83910;23;
2019-08-25 00:00;2019-08-25 08:00;2,88600;0,00000;0,00000;0,00000;2,88600;5,84446;-51;
2019-08-25 08:00;2019-08-25 16:00;3,10300;0,00000;-0,50100;0,00000;2,60200;5,84446;-55;
2019-08-25 16:00;2019-08-26 00:00;7,19800;0,00000;0,00000;0,00000;7,19800;5,84446;23;
2019-08-26 00:00;2019-08-26 08:00;2,29500;0,95300;0,00000;0,00000;3,24800;5,84986;-44;
2019-08-26 08:00;2019-08-26 16:00;0,00000;4,45600;0,00000;-0,04000;4,41600;5,84986;-25;
2019-08-26 16:00;2019-08-27 00:00;0,54100;6,18900;0,00000;0,00000;6,73000;5,84986;15;
2019-08-27 00:00;2019-08-27 08:00;2,27800;0,44200;0,00000;0,00000;2,72000;5,85531;-54;
2019-08-27 08:00;2019-08-27 16:00;0,00000;3,95200;0,00000;-0,08400;3,86800;5,85531;-34;
2019-08-27 16:00;2019-08-28 00:00;0,63100;7,23900;0,00000;0,00000;7,87000;5,85531;34;
2019-08-28 00:00;2019-08-28 08:00;2,35300;0,33900;0,00000;0,00000;2,69200;5,86080;-54;
2019-08-28 08:00;2019-08-28 16:00;0,00000;5,07600;0,00000;-0,00700;5,06900;5,86080;-14;
2019-08-28 16:00;2019-08-29 00:00;0,44500;6,25500;0,00000;0,00000;6,70000;5,86080;14;
2019-08-29 00:00;2019-08-29 08:00;2,35300;0,50200;0,00000;0,00000;2,85500;5,86634;-51;
2019-08-29 08:00;2019-08-29 16:00;0,00000;3,68800;0,00000;-0,51800;3,17000;5,86634;-46;
2019-08-29 16:00;2019-08-30 00:00;0,43000;6,04300;0,00000;0,00000;6,47300;5,86634;10;
2019-08-30 00:00;2019-08-30 08:00;2,49000;0,74000;0,00000;0,00000;3,23000;5,87191;-45;
2019-08-30 08:00;2019-08-30 16:00;0,00000;4,27900;0,00000;-0,63600;3,64300;5,87191;-38;
2019-08-30 16:00;2019-08-31 00:00;0,57500;4,61000;0,00000;0,00000;5,18500;5,87191;-12;
2019-08-31 00:00;2019-08-31 08:00;2,84800;0,00000;0,00000;0,00000;2,84800;5,87753;-52;
2019-08-31 08:00;2019-08-31 16:00;4,66000;0,00000;-0,16700;0,00000;4,49300;5,87753;-24;
2019-08-31 16:00;2019-09-01 00:00;6,97500;0,00000;0,00000;0,00000;6,97500;5,87753;19;
2019-09-01 00:00;2019-09-01 08:00;2,70500;0,00000;0,00000;0,00000;2,70500;5,88318;-54;
2019-09-01 08:00;2019-09-01 16:00;3,89900;0,00000;-0,45900;0,00000;3,44000;5,88318;-42;
2019-09-01 16:00;2019-09-02 00:00;7,10100;0,00000;0,00000;0,00000;7,10100;5,88318;21;
2019-09-02 00:00;2019-09-02 08:00;2,34600;0,48300;0,00000;0,00000;2,82900;5,88887;-52;
2019-09-02 08:00;2019-09-02 16:00;0,00000;3,30600;0,00000;-1,28600;2,02000;5,88887;-66;
2019-09-02 16:00;2019-09-03 00:00;0,35700;4,60300;0,00000;-0,00100;4,95900;5,88887;-16;
2019-09-03 00:00;2019-09-03 08:00;2,46800;0,54600;0,00000;0,00000;3,01400;5,89459;-49;
2019-09-03 08:00;2019-09-03 16:00;0,00000;2,64500;0,00000;-0,02000;2,62500;5,89459;-55;
2019-09-03 16:00;2019-09-04 00:00;0,44000;6,34100;0,00000;0,00000;6,78100;5,89459;15;
2019-09-04 00:00;2019-09-04 08:00;2,54400;0,79100;0,00000;0,00000;3,33500;5,90034;-43;
2019-09-04 08:00;2019-09-04 16:00;0,00000;7,64900;0,00000;0,00000;7,64900;5,90034;30;
2019-09-04 16:00;2019-09-05 00:00;0,44700;6,23200;0,00000;0,00000;6,67900;5,90034;13;
2019-09-05 00:00;2019-09-05 08:00;2,38100;0,58100;0,00000;0,00000;2,96200;5,90612;-50;
2019-09-05 08:00;2019-09-05 16:00;0,00000;2,07400;0,00000;-0,69400;1,38000;5,90612;-77;
2019-09-05 16:00;2019-09-06 00:00;0,49900;5,22400;0,00000;0,00000;5,72300;5,90612;-3;
2019-09-06 00:00;2019-09-06 08:00;2,64400;0,79100;0,00000;0,00000;3,43500;5,91194;-42;
2019-09-06 08:00;2019-09-06 16:00;0,00000;4,99500;0,00000;-0,13100;4,86400;5,91194;-18;
2019-09-06 16:00;2019-09-07 00:00;0,57400;7,01800;0,00000;0,00000;7,59200;5,91194;28;
2019-09-07 00:00;2019-09-07 08:00;2,71000;0,00000;0,00000;0,00000;2,71000;5,91777;-54;
2019-09-07 08:00;2019-09-07 16:00;6,96300;0,00000;-0,02800;0,00000;6,93500;5,91777;17;
2019-09-07 16:00;2019-09-08 00:00;8,49000;0,00000;0,00000;0,00000;8,49000;5,91777;43;
2019-09-08 00:00;2019-09-08 08:00;2,75700;0,00000;0,00000;0,00000;2,75700;5,92364;-53;
2019-09-08 08:00;2019-09-08 16:00;4,76600;0,00000;-0,12900;0,00000;4,63700;5,92364;-22;
2019-09-08 16:00;2019-09-09 00:00;7,96200;0,00000;0,00000;0,00000;7,96200;5,92364;34;
2019-09-09 00:00;2019-09-09 08:00;2,98300;1,26700;0,00000;0,00000;4,25000;5,92953;-28;
2019-09-09 08:00;2019-09-09 16:00;0,00000;2,32000;0,00000;-1,43500;0,88500;5,92953;-85;
2019-09-09 16:00;2019-09-10 00:00;0,29600;4,89700;0,00000;-0,00400;5,18900;5,92953;-12;
2019-09-10 00:00;2019-09-10 08:00;2,47600;0,78900;0,00000;0,00000;3,26500;5,93544;-45;
2019-09-10 08:00;2019-09-10 16:00;0,00000;2,56800;0,00000;-0,20600;2,36200;5,93544;-60;
2019-09-10 16:00;2019-09-11 00:00;0,54400;7,45900;0,00000;0,00000;8,00300;5,93544;35;
2019-09-11 00:00;2019-09-11 08:00;2,34700;0,57600;0,00000;0,00000;2,92300;5,94137;-51;
2019-09-11 08:00;2019-09-11 16:00;0,00000;7,65500;0,00000;0,00000;7,65500;5,94137;29;
2019-09-11 16:00;2019-09-12 00:00;0,36800;6,50200;0,00000;0,00000;6,87000;5,94137;16;
2019-09-12 00:00;2019-09-12 08:00;2,38200;0,42900;0,00000;0,00000;2,81100;5,94731;-53;
2019-09-12 08:00;2019-09-12 16:00;0,00000;1,49200;0,00000;-1,19900;0,29300;5,94731;-95;
2019-09-12 16:00;2019-09-13 00:00;0,46100;5,80600;0,00000;0,00000;6,26700;5,94731;5;
2019-09-13 00:00;2019-09-13 08:00;2,36500;0,71300;0,00000;0,00000;3,07800;5,95328;-48;
2019-09-13 08:00;2019-09-13 16:00;0,00000;4,17200;0,00000;-0,71800;3,45400;5,95328;-42;
2019-09-13 16:00;2019-09-14 00:00;0,75000;6,07700;0,00000;0,00000;6,82700;5,95328;15;
2019-09-14 00:00;2019-09-14 08:00;2,65800;0,00000;0,00000;0,00000;2,65800;5,95926;-55;
2019-09-14 08:00;2019-09-14 16:00;4,90200;0,00000;-0,04600;0,00000;4,85600;5,95926;-19;
2019-09-14 16:00;2019-09-15 00:00;7,18900;0,00000;0,00000;0,00000;7,18900;5,95926;21;
2019-09-15 00:00;2019-09-15 08:00;2,68600;0,00000;0,00000;0,00000;2,68600;5,96525;-55;
2019-09-15 08:00;2019-09-15 16:00;6,03500;0,00000;-0,06700;0,00000;5,96800;5,96525;0;
2019-09-15 16:00;2019-09-16 00:00;7,90400;0,00000;0,00000;0,00000;7,90400;5,96525;33;
2019-09-16 00:00;2019-09-16 08:00;2,41600;0,50200;0,00000;0,00000;2,91800;5,97125;-51;
2019-09-16 08:00;2019-09-16 16:00;0,00000;5,00100;0,00000;-0,00100;5,00000;5,97125;-16;
2019-09-16 16:00;2019-09-17 00:00;0,44700;5,90800;0,00000;0,00000;6,35500;5,97125;6;
2019-09-17 00:00;2019-09-17 08:00;2,48400;1,01400;0,00000;0,00000;3,49800;5,97726;-41;
2019-09-17 08:00;2019-09-17 16:00;0,00000;2,75800;0,00000;-0,78900;1,96900;5,97726;-67;
2019-09-17 16:00;2019-09-18 00:00;0,51200;5,47000;0,00000;0,00000;5,98200;5,97726;0;
2019-09-18 00:00;2019-09-18 08:00;2,20200;0,81300;0,00000;0,00000;3,01500;5,98328;-50;
2019-09-18 08:00;2019-09-18 16:00;0,00000;4,76400;0,00000;-0,40000;4,36400;5,98328;-27;
2019-09-18 16:00;2019-09-19 00:00;0,52100;6,25400;0,00000;0,00000;6,77500;5,98328;13;
2019-09-19 00:00;2019-09-19 08:00;2,36200;1,60100;0,00000;0,00000;3,96300;5,98931;-34;
2019-09-19 08:00;2019-09-19 16:00;0,00000;2,60000;0,00000;-0,49500;2,10500;5,98931;-65;
2019-09-19 16:00;2019-09-20 00:00;0,38400;5,31700;0,00000;0,00000;5,70100;5,98931;-5;
2019-09-20 00:00;2019-09-20 08:00;2,33600;1,04500;0,00000;0,00000;3,38100;5,99534;-44;
2019-09-20 08:00;2019-09-20 16:00;0,00000;4,64600;0,00000;-0,22900;4,41700;5,99534;-26;
2019-09-20 16:00;2019-09-21 00:00;0,51000;6,32900;0,00000;0,00000;6,83900;5,99534;14;
2019-09-21 00:00;2019-09-21 08:00;2,84000;0,00000;0,00000;0,00000;2,84000;6,00137;-53;
2019-09-21 08:00;2019-09-21 16:00;6,38100;0,00000;-0,08000;0,00000;6,30100;6,00137;5;
2019-09-21 16:00;2019-09-22 00:00;6,77200;0,00000;0,00000;0,00000;6,77200;6,00137;13;
2019-09-22 00:00;2019-09-22 08:00;2,82700;0,00000;0,00000;0,00000;2,82700;6,00741;-53;
2019-09-22 08:00;2019-09-22 16:00;5,71300;0,00000;-0,02200;0,00000;5,69100;6,00741;-5;
2019-09-22 16:00;2019-09-23 00:00;7,29200;0,00000;0,00000;0,00000;7,29200;6,00741;21;
2019-09-23 00:00;2019-09-23 08:00;2,36500;0,54000;0,00000;0,00000;2,90500;6,01344;-52;
2019-09-23 08:00;2019-09-23 16:00;0,00000;2,31700;0,00000;-0,66500;1,65200;6,01344;-73;
2019-09-23 16:00;2019-09-24 00:00;0,32800;7,65100;0,00000;0,00000;7,97900;6,01344;33;
2019-09-24 00:00;2019-09-24 08:00;2,34000;0,51800;0,00000;0,00000;2,85800;6,01947;-53;
2019-09-24 08:00;2019-09-24 16:00;0,00000;3,07100;0,00000;-0,03800;3,03300;6,01947;-50;
2019-09-24 16:00;2019-09-25 00:00;0,41800;5,41600;0,00000;0,00000;5,83400;6,01947;-3;
2019-09-25 00:00;2019-09-25 08:00;2,23700;0,72300;0,00000;0,00000;2,96000;6,02549;-51;
2019-09-25 08:00;2019-09-25 16:00;0,00000;7,76200;0,00000;-0,00900;7,75300;6,02549;29;
2019-09-25 16:00;2019-09-26 00:00;0,56400;6,20200;0,00000;0,00000;6,76600;6,02549;12;
2019-09-26 00:00;2019-09-26 08:00;2,26200;0,52100;0,00000;0,00000;2,78300;6,03151;-54;
2019-09-26 08:00;2019-09-26 16:00;0,00000;3,40800;0,00000;0,00000;3,40800;6,03151;-43;
2019-09-26 16:00;2019-09-27 00:00;0,55800;6,78300;0,00000;0,00000;7,34100;6,03151;22;
2019-09-27 00:00;2019-09-27 08:00;2,57200;0,72300;0,00000;0,00000;3,29500;6,03752;-45;
2019-09-27 08:00;2019-09-27 16:00;0,00000;4,00900;0,00000;-0,19600;3,81300;6,03752;-37;
2019-09-27 16:00;2019-09-28 00:00;0,83600;6,84300;0,00000;0,00000;7,67900;6,03752;27;
2019-09-28 00:00;2019-09-28 08:00;3,93600;0,00000;0,00000;0,00000;3,93600;6,04352;-35;
2019-09-28 08:00;2019-09-28 16:00;6,39700;0,00000;-0,10900;0,00000;6,28800;6,04352;4;
2019-09-28 16:00;2019-09-29 00:00;7,98200;0,00000;0,00000;0,00000;7,98200;6,04352;32;
2019-09-29 00:00;2019-09-29 08:00;2,93600;0,00000;0,00000;0,00000;2,93600;6,04950;-51;
2019-09-29 08:00;2019-09-29 16:00;9,90100;0,00000;0,00000;0,00000;9,90100;6,04950;64;
2019-09-29 16:00;2019-09-30 00:00;8,83500;0,00000;0,00000;0,00000;8,83500;6,04950;46;
2019-09-30 00:00;2019-09-30 08:00;3,52100;0,71700;0,00000;0,00000;4,23800;6,05548;-30;
2019-09-30 08:00;2019-09-30 16:00;0,00000;4,54800;0,00000;-0,05100;4,49700;6,05548;-26;
2019-09-30 16:00;2019-10-01 00:00;0,74300;6,69300;0,00000;0,00000;7,43600;6,05548;23;
2019-10-01 00:00;2019-10-01 08:00;3,32300;0,87100;0,00000;0,00000;4,19400;6,06143;-31;
2019-10-01 08:00;2019-10-01 16:00;0,00000;8,63600;0,00000;0,00000;8,63600;6,06143;42;
2019-10-01 16:00;2019-10-02 00:00;0,80300;7,57400;0,00000;0,00000;8,37700;6,06143;38;
2019-10-02 00:00;2019-10-02 08:00;3,47600;0,50700;0,00000;0,00000;3,98300;6,06737;-34;
2019-10-02 08:00;2019-10-02 16:00;0,00000;5,09600;0,00000;-0,12600;4,97000;6,06737;-18;
2019-10-02 16:00;2019-10-03 00:00;0,53500;7,86000;0,00000;0,00000;8,39500;6,06737;38;
2019-10-03 00:00;2019-10-03 08:00;3,40600;0,83300;0,00000;0,00000;4,23900;6,07330;-30;
2019-10-03 08:00;2019-10-03 16:00;0,00000;4,38700;0,00000;-0,24100;4,14600;6,07330;-32;
2019-10-03 16:00;2019-10-04 00:00;0,55300;7,70700;0,00000;0,00000;8,26000;6,07330;36;
2019-10-04 00:00;2019-10-04 08:00;3,63800;1,61100;0,00000;0,00000;5,24900;6,07920;-14;
2019-10-04 08:00;2019-10-04 16:00;0,00000;8,98700;0,00000;0,00000;8,98700;6,07920;48;
2019-10-04 16:00;2019-10-05 00:00;0,71700;8,63700;0,00000;0,00000;9,35400;6,07920;54;
2019-10-05 00:00;2019-10-05 08:00;4,13600;0,00000;0,00000;0,00000;4,13600;6,08508;-32;
2019-10-05 08:00;2019-10-05 16:00;8,55600;0,00000;0,00000;0,00000;8,55600;6,08508;41;
2019-10-05 16:00;2019-10-06 00:00;8,77800;0,00000;0,00000;0,00000;8,77800;6,08508;44;
2019-10-06 00:00;2019-10-06 08:00;4,17400;0,00000;0,00000;0,00000;4,17400;6,09093;-31;
2019-10-06 08:00;2019-10-06 16:00;10,02300;0,00000;0,00000;0,00000;10,02300;6,09093;65;
2019-10-06 16:00;2019-10-07 00:00;9,31900;0,00000;0,00000;0,00000;9,31900;6,09093;53;
2019-10-07 00:00;2019-10-07 08:00;3,77900;0,93900;0,00000;0,00000;4,71800;6,09676;-23;
2019-10-07 08:00;2019-10-07 16:00;0,00000;6,54300;0,00000;-0,00100;6,54200;6,09676;7;
2019-10-07 16:00;2019-10-08 00:00;0,58500;8,32000;0,00000;0,00000;8,90500;6,09676;46;
2019-10-08 00:00;2019-10-08 08:00;3,54200;1,01400;0,00000;0,00000;4,55600;6,10256;-25;
2019-10-08 08:00;2019-10-08 16:00;0,00000;5,18300;0,00000;0,00000;5,18300;6,10256;-15;
2019-10-08 16:00;2019-10-09 00:00;0,56000;7,31400;0,00000;0,00000;7,87400;6,10256;29;
2019-10-09 00:00;2019-10-09 08:00;3,44800;0,95300;0,00000;0,00000;4,40100;6,10833;-28;
2019-10-09 08:00;2019-10-09 16:00;0,00000;9,20700;0,00000;0,00000;9,20700;6,10833;51;
2019-10-09 16:00;2019-10-10 00:00;0,73300;9,42100;0,00000;0,00000;10,15400;6,10833;66;
2019-10-10 00:00;2019-10-10 08:00;3,54600;0,95200;0,00000;0,00000;4,49800;6,11407;-26;
2019-10-10 08:00;2019-10-10 16:00;0,00000;4,20600;0,00000;-0,05700;4,14900;6,11407;-32;
2019-10-10 16:00;2019-10-11 00:00;0,55000;6,95600;0,00000;0,00000;7,50600;6,11407;23;
2019-10-11 00:00;2019-10-11 08:00;3,65900;0,90500;0,00000;0,00000;4,56400;6,11977;-25;
2019-10-11 08:00;2019-10-11 16:00;0,00000;9,72900;0,00000;0,00000;9,72900;6,11977;59;
2019-10-11 16:00;2019-10-12 00:00;1,05000;9,06900;0,00000;0,00000;10,11900;6,11977;65;
2019-10-12 00:00;2019-10-12 08:00;4,17100;0,00000;0,00000;0,00000;4,17100;6,12545;-32;
2019-10-12 08:00;2019-10-12 16:00;8,63200;0,00000;0,00000;0,00000;8,63200;6,12545;41;
2019-10-12 16:00;2019-10-13 00:00;9,81800;0,00000;0,00000;0,00000;9,81800;6,12545;60;
2019-10-13 00:00;2019-10-13 08:00;5,34100;0,00000;0,00000;0,00000;5,34100;6,13108;-13;
2019-10-13 08:00;2019-10-13 16:00;7,72100;0,00000;0,00000;0,00000;7,72100;6,13108;26;
2019-10-13 16:00;2019-10-14 00:00;8,12500;0,00000;0,00000;0,00000;8,12500;6,13108;33;
2019-10-14 00:00;2019-10-14 08:00;3,29600;0,88000;0,00000;0,00000;4,17600;6,13668;-32;
2019-10-14 08:00;2019-10-14 16:00;0,00000;6,64600;0,00000;0,00000;6,64600;6,13668;8;
2019-10-14 16:00;2019-10-15 00:00;0,55000;6,77000;0,00000;0,00000;7,32000;6,13668;19;
2019-10-15 00:00;2019-10-15 08:00;3,53900;1,01000;0,00000;0,00000;4,54900;6,14224;-26;
2019-10-15 08:00;2019-10-15 16:00;0,00000;5,31900;0,00000;0,00000;5,31900;6,14224;-13;
2019-10-15 16:00;2019-10-16 00:00;0,53600;8,60000;0,00000;0,00000;9,13600;6,14224;49;
2019-10-16 00:00;2019-10-16 08:00;3,45300;0,78200;0,00000;0,00000;4,23500;6,14776;-31;
2019-10-16 08:00;2019-10-16 16:00;0,00000;9,01300;0,00000;0,00000;9,01300;6,14776;47;
2019-10-16 16:00;2019-10-17 00:00;0,72800;8,34100;0,00000;0,00000;9,06900;6,14776;48;
2019-10-17 00:00;2019-10-17 08:00;3,12300;0,73500;0,00000;0,00000;3,85800;6,15323;-37;
2019-10-17 08:00;2019-10-17 16:00;0,00000;5,21900;0,00000;-0,00400;5,21500;6,15323;-15;
2019-10-17 16:00;2019-10-18 00:00;0,54400;6,01500;0,00000;0,00000;6,55900;6,15323;7;
2019-10-18 00:00;2019-10-18 08:00;3,39900;1,08600;0,00000;0,00000;4,48500;6,15866;-27;
2019-10-18 08:00;2019-10-18 16:00;0,00000;8,96100;0,00000;0,00000;8,96100;6,15866;46;
2019-10-18 16:00;2019-10-19 00:00;0,85400;7,18400;0,00000;0,00000;8,03800;6,15866;31;
2019-10-19 00:00;2019-10-19 08:00;4,16200;0,00000;0,00000;0,00000;4,16200;6,16405;-32;
2019-10-19 08:00;2019-10-19 16:00;9,37400;0,00000;0,00000;0,00000;9,37400;6,16405;52;
2019-10-19 16:00;2019-10-20 00:00;9,30900;0,00000;0,00000;0,00000;9,30900;6,16405;51;
2019-10-20 00:00;2019-10-20 08:00;5,25900;0,00000;0,00000;0,00000;5,25900;6,16938;-15;
2019-10-20 08:00;2019-10-20 16:00;8,62000;0,00000;0,00000;0,00000;8,62000;6,16938;40;
2019-10-20 16:00;2019-10-21 00:00;9,58500;0,00000;0,00000;0,00000;9,58500;6,16938;55;
2019-10-21 00:00;2019-10-21 08:00;3,22400;0,64800;0,00000;0,00000;3,87200;6,17467;-37;
2019-10-21 08:00;2019-10-21 16:00;0,00000;8,56000;0,00000;0,00000;8,56000;6,17467;39;
2019-10-21 16:00;2019-10-22 00:00;0,74500;8,23000;0,00000;0,00000;8,97500;6,17467;45;
2019-10-22 00:00;2019-10-22 08:00;3,04800;0,69200;0,00000;0,00000;3,74000;6,17991;-39;
2019-10-22 08:00;2019-10-22 16:00;0,00000;7,55100;0,00000;0,00000;7,55100;6,17991;22;
2019-10-22 16:00;2019-10-23 00:00;0,77600;7,55600;0,00000;0,00000;8,33200;6,17991;35;
2019-10-23 00:00;2019-10-23 08:00;3,35800;0,65900;0,00000;0,00000;4,01700;6,18509;-35;
2019-10-23 08:00;2019-10-23 16:00;0,00000;9,83000;0,00000;0,00000;9,83000;6,18509;59;
2019-10-23 16:00;2019-10-24 00:00;0,78700;9,39100;0,00000;0,00000;10,17800;6,18509;65;
2019-10-24 00:00;2019-10-24 08:00;3,26200;0,75900;0,00000;0,00000;4,02100;6,19022;-35;
2019-10-24 08:00;2019-10-24 16:00;0,00000;5,57800;0,00000;0,00000;5,57800;6,19022;-10;
2019-10-24 16:00;2019-10-25 00:00;0,84800;6,57700;0,00000;0,00000;7,42500;6,19022;20;
2019-10-25 00:00;2019-10-25 08:00;3,38100;1,37000;0,00000;0,00000;4,75100;6,19530;-23;
2019-10-25 08:00;2019-10-25 16:00;0,00000;10,14200;0,00000;0,00000;10,14200;6,19530;64;
2019-10-25 16:00;2019-10-26 00:00;0,83800;7,59600;0,00000;0,00000;8,43400;6,19530;36;
2019-10-26 00:00;2019-10-26 08:00;3,92000;0,00000;0,00000;0,00000;3,92000;6,20032;-37;
2019-10-26 08:00;2019-10-26 16:00;10,05000;0,00000;0,00000;0,00000;10,05000;6,20032;62;
2019-10-26 16:00;2019-10-27 00:00;9,04000;0,00000;0,00000;0,00000;9,04000;6,20032;46;
2019-10-27 00:00;2019-10-27 08:00;4,77400;0,00000;0,00000;0,00000;4,77400;6,95867;-31;
2019-10-27 08:00;2019-10-27 16:00;9,68500;0,00000;0,00000;0,00000;9,68500;6,18548;57;
2019-10-27 16:00;2019-10-28 00:00;10,22600;0,00000;0,00000;0,00000;10,22600;6,18548;65;
2019-10-28 00:00;2019-10-28 08:00;3,51800;1,57900;0,00000;0,00000;5,09700;6,21038;-18;
2019-10-28 08:00;2019-10-28 16:00;0,00000;4,51700;0,00000;0,00000;4,51700;6,21038;-27;
2019-10-28 16:00;2019-10-29 00:00;0,85100;6,80300;0,00000;0,00000;7,65400;6,21038;23;
2019-10-29 00:00;2019-10-29 08:00;4,50900;0,75900;0,00000;0,00000;5,26800;6,21522;-15;
2019-10-29 08:00;2019-10-29 16:00;0,00000;6,99400;0,00000;0,00000;6,99400;6,21522;13;
2019-10-29 16:00;2019-10-30 00:00;0,63900;7,57100;0,00000;0,00000;8,21000;6,21522;32;
2019-10-30 00:00;2019-10-30 08:00;3,56900;0,78700;0,00000;0,00000;4,35600;6,21999;-30;
2019-10-30 08:00;2019-10-30 16:00;0,00000;8,40500;0,00000;0,00000;8,40500;6,21999;35;
2019-10-30 16:00;2019-10-31 00:00;0,55000;8,22600;0,00000;0,00000;8,77600;6,21999;41;
2019-10-31 00:00;2019-10-31 08:00;3,45400;0,71500;0,00000;0,00000;4,16900;6,22470;-33;
2019-10-31 08:00;2019-10-31 16:00;0,00000;6,29700;0,00000;0,00000;6,29700;6,22470;1;
2019-10-31 16:00;2019-11-01 00:00;0,77000;6,94600;0,00000;0,00000;7,71600;6,22470;24;
2019-11-01 00:00;2019-11-01 08:00;3,76700;1,50200;0,00000;0,00000;5,26900;6,22934;-15;
2019-11-01 08:00;2019-11-01 16:00;0,00000;7,82500;0,00000;0,00000;7,82500;6,22934;26;
2019-11-01 16:00;2019-11-02 00:00;1,07300;9,02300;0,00000;0,00000;10,09600;6,22934;62;
2019-11-02 00:00;2019-11-02 08:00;3,95700;0,00000;0,00000;0,00000;3,95700;6,23392;-37;
2019-11-02 08:00;2019-11-02 16:00;10,27300;0,00000;0,00000;0,00000;10,27300;6,23392;65;
2019-11-02 16:00;2019-11-03 00:00;9,71400;0,00000;0,00000;0,00000;9,71400;6,23392;56;
2019-11-03 00:00;2019-11-03 08:00;4,10500;0,00000;0,00000;0,00000;4,10500;6,23843;-34;
2019-11-03 08:00;2019-11-03 16:00;9,93100;0,00000;0,00000;0,00000;9,93100;6,23843;59;
2019-11-03 16:00;2019-11-04 00:00;8,83500;0,00000;0,00000;0,00000;8,83500;6,23843;42;
2019-11-04 00:00;2019-11-04 08:00;4,15100;1,53200;0,00000;0,00000;5,68300;6,24287;-9;
2019-11-04 08:00;2019-11-04 16:00;0,00000;7,61500;0,00000;0,00000;7,61500;6,24287;22;
2019-11-04 16:00;2019-11-05 00:00;0,70500;8,65400;0,00000;0,00000;9,35900;6,24287;50;
2019-11-05 00:00;2019-11-05 08:00;3,20400;0,89900;0,00000;0,00000;4,10300;6,24723;-34;
2019-11-05 08:00;2019-11-05 16:00;0,00000;7,75500;0,00000;0,00000;7,75500;6,24723;24;
2019-11-05 16:00;2019-11-06 00:00;0,86300;8,21700;0,00000;0,00000;9,08000;6,24723;45;
2019-11-06 00:00;2019-11-06 08:00;3,32300;0,67300;0,00000;0,00000;3,99600;6,25153;-36;
2019-11-06 08:00;2019-11-06 16:00;0,00000;9,68800;0,00000;0,00000;9,68800;6,25153;55;
2019-11-06 16:00;2019-11-07 00:00;0,56300;8,93600;0,00000;0,00000;9,49900;6,25153;52;
2019-11-07 00:00;2019-11-07 08:00;3,55100;0,66800;0,00000;0,00000;4,21900;6,25575;-33;
2019-11-07 08:00;2019-11-07 16:00;0,00000;7,80100;0,00000;0,00000;7,80100;6,25575;25;
2019-11-07 16:00;2019-11-08 00:00;0,76000;8,94600;0,00000;0,00000;9,70600;6,25575;55;
2019-11-08 00:00;2019-11-08 08:00;3,70400;1,18700;0,00000;0,00000;4,89100;6,25990;-22;
2019-11-08 08:00;2019-11-08 16:00;0,00000;6,96400;0,00000;0,00000;6,96400;6,25990;11;
2019-11-08 16:00;2019-11-09 00:00;0,95800;8,69400;0,00000;0,00000;9,65200;6,25990;54;
2019-11-09 00:00;2019-11-09 08:00;4,06900;0,00000;0,00000;0,00000;4,06900;6,26397;-35;
2019-11-09 08:00;2019-11-09 16:00;11,84000;0,00000;0,00000;0,00000;11,84000;6,26397;89;
2019-11-09 16:00;2019-11-10 00:00;9,46700;0,00000;0,00000;0,00000;9,46700;6,26397;51;
2019-11-10 00:00;2019-11-10 08:00;4,22200;0,00000;0,00000;0,00000;4,22200;6,26797;-33;
2019-11-10 08:00;2019-11-10 16:00;10,55200;0,00000;0,00000;0,00000;10,55200;6,26797;68;
2019-11-10 16:00;2019-11-11 00:00;10,71200;0,00000;0,00000;0,00000;10,71200;6,26797;71;
2019-11-11 00:00;2019-11-11 08:00;3,87800;1,63900;0,00000;0,00000;5,51700;6,27188;-12;
2019-11-11 08:00;2019-11-11 16:00;0,00000;7,37000;0,00000;0,00000;7,37000;6,27188;18;
2019-11-11 16:00;2019-11-12 00:00;0,67400;8,04900;0,00000;0,00000;8,72300;6,27188;39;
2019-11-12 00:00;2019-11-12 08:00;4,16800;0,93900;0,00000;0,00000;5,10700;6,27572;-19;
2019-11-12 08:00;2019-11-12 16:00;0,00000;8,05900;0,00000;0,00000;8,05900;6,27572;28;
2019-11-12 16:00;2019-11-13 00:00;0,80000;8,84400;0,00000;0,00000;9,64400;6,27572;54;
2019-11-13 00:00;2019-11-13 08:00;3,57200;0,92500;0,00000;0,00000;4,49700;6,27947;-28;
2019-11-13 08:00;2019-11-13 16:00;0,00000;10,60400;0,00000;0,00000;10,60400;6,27947;69;
2019-11-13 16:00;2019-11-14 00:00;0,70200;9,09300;0,00000;0,00000;9,79500;6,27947;56;
2019-11-14 00:00;2019-11-14 08:00;3,50600;0,92000;0,00000;0,00000;4,42600;6,28315;-30;
2019-11-14 08:00;2019-11-14 16:00;0,00000;6,80900;0,00000;0,00000;6,80900;6,28315;8;
2019-11-14 16:00;2019-11-15 00:00;0,70700;8,26000;0,00000;0,00000;8,96700;6,28315;43;
2019-11-15 00:00;2019-11-15 08:00;3,42700;0,87300;0,00000;0,00000;4,30000;6,28674;-32;
2019-11-15 08:00;2019-11-15 16:00;0,00000;9,45200;0,00000;0,00000;9,45200;6,28674;50;
2019-11-15 16:00;2019-11-16 00:00;0,92700;9,21700;0,00000;0,00000;10,14400;6,28674;61;
2019-11-16 00:00;2019-11-16 08:00;4,41500;0,00000;0,00000;0,00000;4,41500;6,29025;-30;
2019-11-16 08:00;2019-11-16 16:00;10,52800;0,00000;0,00000;0,00000;10,52800;6,29025;67;
2019-11-16 16:00;2019-11-17 00:00;7,18200;0,00000;0,00000;0,00000;7,18200;6,29025;14;
2019-11-17 00:00;2019-11-17 08:00;4,02500;0,00000;0,00000;0,00000;4,02500;6,29367;-36;
2019-11-17 08:00;2019-11-17 16:00;8,67100;0,00000;0,00000;0,00000;8,67100;6,29367;38;
2019-11-17 16:00;2019-11-18 00:00;11,37200;0,00000;0,00000;0,00000;11,37200;6,29367;81;
2019-11-18 00:00;2019-11-18 08:00;3,60200;0,87200;0,00000;0,00000;4,47400;6,29701;-29;
2019-11-18 08:00;2019-11-18 16:00;0,00000;8,54900;0,00000;0,00000;8,54900;6,29701;36;
2019-11-18 16:00;2019-11-19 00:00;0,71200;8,73300;0,00000;0,00000;9,44500;6,29701;50;
2019-11-19 00:00;2019-11-19 08:00;3,34200;0,75900;0,00000;0,00000;4,10100;6,30026;-35;
2019-11-19 08:00;2019-11-19 16:00;0,00000;7,84800;0,00000;0,00000;7,84800;6,30026;25;
2019-11-19 16:00;2019-11-20 00:00;0,61100;8,71100;0,00000;0,00000;9,32200;6,30026;48;
2019-11-20 00:00;2019-11-20 08:00;3,61800;0,68400;0,00000;0,00000;4,30200;6,30342;-32;
2019-11-20 08:00;2019-11-20 16:00;0,00000;10,20800;0,00000;0,00000;10,20800;6,30342;62;
2019-11-20 16:00;2019-11-21 00:00;0,70600;9,40500;0,00000;0,00000;10,11100;6,30342;60;
2019-11-21 00:00;2019-11-21 08:00;3,57000;0,68200;0,00000;0,00000;4,25200;6,30649;-33;
2019-11-21 08:00;2019-11-21 16:00;0,00000;6,25700;0,00000;0,00000;6,25700;6,30649;-1;
2019-11-21 16:00;2019-11-22 00:00;0,56400;9,34700;0,00000;0,00000;9,91100;6,30649;57;
2019-11-22 00:00;2019-11-22 08:00;3,87100;0,96100;0,00000;0,00000;4,83200;6,30947;-23;
2019-11-22 08:00;2019-11-22 16:00;0,00000;6,71100;0,00000;0,00000;6,71100;6,30947;6;
2019-11-22 16:00;2019-11-23 00:00;0,77900;8,60400;0,00000;0,00000;9,38300;6,30947;49;
2019-11-23 00:00;2019-11-23 08:00;5,50200;0,00000;0,00000;0,00000;5,50200;6,31236;-13;
2019-11-23 08:00;2019-11-23 16:00;9,65100;0,00000;0,00000;0,00000;9,65100;6,31236;53;
2019-11-23 16:00;2019-11-24 00:00;10,56000;0,00000;0,00000;0,00000;10,56000;6,31236;67;
2019-11-24 00:00;2019-11-24 08:00;3,96700;0,00000;0,00000;0,00000;3,96700;6,31517;-37;
2019-11-24 08:00;2019-11-24 16:00;11,19300;0,00000;0,00000;0,00000;11,19300;6,31517;77;
2019-11-24 16:00;2019-11-25 00:00;9,96100;0,00000;0,00000;0,00000;9,96100;6,31517;58;
2019-11-25 00:00;2019-11-25 08:00;3,47600;0,90300;0,00000;0,00000;4,37900;6,31787;-31;
2019-11-25 08:00;2019-11-25 16:00;0,00000;6,18700;0,00000;0,00000;6,18700;6,31787;-2;
2019-11-25 16:00;2019-11-26 00:00;0,69100;7,05400;0,00000;0,00000;7,74500;6,31787;23;
2019-11-26 00:00;2019-11-26 08:00;3,59000;0,92300;0,00000;0,00000;4,51300;6,32049;-29;
2019-11-26 08:00;2019-11-26 16:00;0,00000;7,13000;0,00000;0,00000;7,13000;6,32049;13;
2019-11-26 16:00;2019-11-27 00:00;0,76400;7,36300;0,00000;0,00000;8,12700;6,32049;29;
2019-11-27 00:00;2019-11-27 08:00;3,21200;0,78600;0,00000;0,00000;3,99800;6,32301;-37;
2019-11-27 08:00;2019-11-27 16:00;0,00000;8,65500;0,00000;0,00000;8,65500;6,32301;37;
2019-11-27 16:00;2019-11-28 00:00;0,56300;9,31300;0,00000;0,00000;9,87600;6,32301;56;
2019-11-28 00:00;2019-11-28 08:00;3,54000;0,82300;0,00000;0,00000;4,36300;6,32544;-31;
2019-11-28 08:00;2019-11-28 16:00;0,00000;4,85400;0,00000;0,00000;4,85400;6,32544;-23;
2019-11-28 16:00;2019-11-29 00:00;0,77200;8,34000;0,00000;0,00000;9,11200;6,32544;44;
2019-11-29 00:00;2019-11-29 08:00;3,63600;0,74400;0,00000;0,00000;4,38000;6,32777;-31;
2019-11-29 08:00;2019-11-29 16:00;0,00000;9,52300;0,00000;0,00000;9,52300;6,32777;50;
2019-11-29 16:00;2019-11-30 00:00;0,83300;9,35700;0,00000;0,00000;10,19000;6,32777;61;
2019-11-30 00:00;2019-11-30 08:00;4,19800;0,00000;0,00000;0,00000;4,19800;6,33000;-34;
2019-11-30 08:00;2019-11-30 16:00;10,07600;0,00000;0,00000;0,00000;10,07600;6,33000;59;
2019-11-30 16:00;2019-12-01 00:00;9,99500;0,00000;0,00000;0,00000;9,99500;6,33000;58;
2019-12-01 00:00;2019-12-01 08:00;4,01900;0,00000;0,00000;0,00000;4,01900;6,33214;-37;
2019-12-01 08:00;2019-12-01 16:00;10,82400;0,00000;0,00000;0,00000;10,82400;6,33214;71;
2019-12-01 16:00;2019-12-02 00:00;9,24000;0,00000;0,00000;0,00000;9,24000;6,33214;46;
2019-12-02 00:00;2019-12-02 08:00;3,54500;0,84800;0,00000;0,00000;4,39300;6,33418;-31;
2019-12-02 08:00;2019-12-02 16:00;0,00000;4,76300;0,00000;0,00000;4,76300;6,33418;-25;
2019-12-02 16:00;2019-12-03 00:00;0,54700;8,67900;0,00000;0,00000;9,22600;6,33418;46;
2019-12-03 00:00;2019-12-03 08:00;3,52200;0,80300;0,00000;0,00000;4,32500;6,33613;-32;
2019-12-03 08:00;2019-12-03 16:00;0,00000;6,64100;0,00000;0,00000;6,64100;6,33613;5;
2019-12-03 16:00;2019-12-04 00:00;0,71500;7,67200;0,00000;0,00000;8,38700;6,33613;32;
2019-12-04 00:00;2019-12-04 08:00;3,41300;0,68900;0,00000;0,00000;4,10200;6,33797;-35;
2019-12-04 08:00;2019-12-04 16:00;0,00000;10,28300;0,00000;0,00000;10,28300;6,33797;62;
2019-12-04 16:00;2019-12-05 00:00;0,73700;8,60900;0,00000;0,00000;9,34600;6,33797;47;
2019-12-05 00:00;2019-12-05 08:00;3,42900;0,70800;0,00000;0,00000;4,13700;6,33972;-35;
2019-12-05 08:00;2019-12-05 16:00;0,00000;4,75700;0,00000;0,00000;4,75700;6,33972;-25;
2019-12-05 16:00;2019-12-06 00:00;0,57000;8,59500;0,00000;0,00000;9,16500;6,33972;45;
2019-12-06 00:00;2019-12-06 08:00;3,68600;0,89500;0,00000;0,00000;4,58100;6,34136;-28;
2019-12-06 08:00;2019-12-06 16:00;0,00000;9,20100;0,00000;0,00000;9,20100;6,34136;45;
2019-12-06 16:00;2019-12-07 00:00;0,87300;8,75500;0,00000;0,00000;9,62800;6,34136;52;
2019-12-07 00:00;2019-12-07 08:00;5,03700;0,00000;0,00000;0,00000;5,03700;6,34291;-21;
2019-12-07 08:00;2019-12-07 16:00;10,49300;0,00000;0,00000;0,00000;10,49300;6,34291;65;
2019-12-07 16:00;2019-12-08 00:00;10,90500;0,00000;0,00000;0,00000;10,90500;6,34291;72;
2019-12-08 00:00;2019-12-08 08:00;4,40900;0,00000;0,00000;0,00000;4,40900;6,34435;-31;
2019-12-08 08:00;2019-12-08 16:00;8,97900;0,00000;0,00000;0,00000;8,97900;6,34435;42;
2019-12-08 16:00;2019-12-09 00:00;8,83500;0,00000;0,00000;0,00000;8,83500;6,34435;39;
2019-12-09 00:00;2019-12-09 08:00;3,66900;0,56000;0,00000;0,00000;4,22900;6,34570;-33;
2019-12-09 08:00;2019-12-09 16:00;0,00000;8,66400;0,00000;0,00000;8,66400;6,34570;37;
2019-12-09 16:00;2019-12-10 00:00;0,59100;8,42400;0,00000;0,00000;9,01500;6,34570;42;
2019-12-10 00:00;2019-12-10 08:00;3,75400;0,71800;0,00000;0,00000;4,47200;6,34694;-30;
2019-12-10 08:00;2019-12-10 16:00;0,00000;8,10900;0,00000;0,00000;8,10900;6,34694;28;
2019-12-10 16:00;2019-12-11 00:00;0,81300;8,58100;0,00000;0,00000;9,39400;6,34694;48;
2019-12-11 00:00;2019-12-11 08:00;3,38400;0,72100;0,00000;0,00000;4,10500;6,34808;-35;
2019-12-11 08:00;2019-12-11 16:00;0,00000;10,23500;0,00000;0,00000;10,23500;6,34808;61;
2019-12-11 16:00;2019-12-12 00:00;0,71400;9,41700;0,00000;0,00000;10,13100;6,34808;60;
2019-12-12 00:00;2019-12-12 08:00;3,43500;0,68300;0,00000;0,00000;4,11800;6,34912;-35;
2019-12-12 08:00;2019-12-12 16:00;0,00000;5,44900;0,00000;0,00000;5,44900;6,34912;-14;
2019-12-12 16:00;2019-12-13 00:00;0,63700;9,46400;0,00000;0,00000;10,10100;6,34912;59;
2019-12-13 00:00;2019-12-13 08:00;3,72800;0,68700;0,00000;0,00000;4,41500;6,35006;-30;
2019-12-13 08:00;2019-12-13 16:00;0,00000;8,90700;0,00000;0,00000;8,90700;6,35006;40;
2019-12-13 16:00;2019-12-14 00:00;0,66900;7,83200;0,00000;0,00000;8,50100;6,35006;34;
2019-12-14 00:00;2019-12-14 08:00;4,75600;0,00000;0,00000;0,00000;4,75600;6,35089;-25;
2019-12-14 08:00;2019-12-14 16:00;10,31700;0,00000;0,00000;0,00000;10,31700;6,35089;62;
2019-12-14 16:00;2019-12-15 00:00;10,78700;0,00000;0,00000;0,00000;10,78700;6,35089;70;
2019-12-15 00:00;2019-12-15 08:00;4,32200;0,00000;0,00000;0,00000;4,32200;6,35162;-32;
2019-12-15 08:00;2019-12-15 16:00;10,49900;0,00000;0,00000;0,00000;10,49900;6,35162;65;
2019-12-15 16:00;2019-12-16 00:00;9,38100;0,00000;0,00000;0,00000;9,38100;6,35162;48;
2019-12-16 00:00;2019-12-16 08:00;3,13300;0,93400;0,00000;0,00000;4,06700;6,35225;-36;
2019-12-16 08:00;2019-12-16 16:00;0,00000;6,99200;0,00000;0,00000;6,99200;6,35225;10;
2019-12-16 16:00;2019-12-17 00:00;0,83500;10,10800;0,00000;0,00000;10,94300;6,35225;72;
2019-12-17 00:00;2019-12-17 08:00;3,30700;0,75400;0,00000;0,00000;4,06100;6,35278;-36;
2019-12-17 08:00;2019-12-17 16:00;0,00000;5,44000;0,00000;0,00000;5,44000;6,35278;-14;
2019-12-17 16:00;2019-12-18 00:00;0,66100;7,95300;0,00000;0,00000;8,61400;6,35278;36;
2019-12-18 00:00;2019-12-18 08:00;3,36300;0,66400;0,00000;0,00000;4,02700;6,35320;-37;
2019-12-18 08:00;2019-12-18 16:00;0,00000;8,51200;0,00000;0,00000;8,51200;6,35320;34;
2019-12-18 16:00;2019-12-19 00:00;0,72000;11,52400;0,00000;0,00000;12,24400;6,35320;93;
2019-12-19 00:00;2019-12-19 08:00;3,38200;0,64200;0,00000;0,00000;4,02400;6,35351;-37;
2019-12-19 08:00;2019-12-19 16:00;0,00000;6,30200;0,00000;0,00000;6,30200;6,35351;-1;
2019-12-19 16:00;2019-12-20 00:00;0,76200;6,30800;0,00000;0,00000;7,07000;6,35351;11;
2019-12-20 00:00;2019-12-20 08:00;3,46500;0,64700;0,00000;0,00000;4,11200;6,35373;-35;
2019-12-20 08:00;2019-12-20 16:00;0,00000;7,97100;0,00000;0,00000;7,97100;6,35373;25;
2019-12-20 16:00;2019-12-21 00:00;0,70300;9,41300;0,00000;0,00000;10,11600;6,35373;59;
2019-12-21 00:00;2019-12-21 08:00;4,42900;0,00000;0,00000;0,00000;4,42900;6,35384;-30;
2019-12-21 08:00;2019-12-21 16:00;9,32500;0,00000;0,00000;0,00000;9,32500;6,35384;47;
2019-12-21 16:00;2019-12-22 00:00;10,43200;0,00000;0,00000;0,00000;10,43200;6,35384;64;
2019-12-22 00:00;2019-12-22 08:00;5,63800;0,00000;0,00000;0,00000;5,63800;6,35385;-11;
2019-12-22 08:00;2019-12-22 16:00;9,68300;0,00000;0,00000;0,00000;9,68300;6,35385;52;
2019-12-22 16:00;2019-12-23 00:00;9,30700;0,00000;0,00000;0,00000;9,30700;6,35385;46;
2019-12-23 00:00;2019-12-23 08:00;4,98800;0,71100;0,00000;0,00000;5,69900;6,35375;-10;
2019-12-23 08:00;2019-12-23 16:00;0,00000;9,77100;0,00000;0,00000;9,77100;6,35375;54;
2019-12-23 16:00;2019-12-24 00:00;0,84000;11,27200;0,00000;0,00000;12,11200;6,35375;91;
2019-12-24 00:00;2019-12-24 08:00;3,68200;0,64700;0,00000;0,00000;4,32900;6,35355;-32;
2019-12-24 08:00;2019-12-24 16:00;0,00000;7,70000;0,00000;0,00000;7,70000;6,35355;21;
2019-12-24 16:00;2019-12-25 00:00;0,85500;10,55100;0,00000;0,00000;11,40600;6,35355;80;
2019-12-25 00:00;2019-12-25 08:00;4,40600;0,00000;0,00000;0,00000;4,40600;6,35324;-31;
2019-12-25 08:00;2019-12-25 16:00;8,82200;0,00000;0,00000;0,00000;8,82200;6,35324;39;
2019-12-25 16:00;2019-12-26 00:00;10,74100;0,00000;0,00000;0,00000;10,74100;6,35324;69;
2019-12-26 00:00;2019-12-26 08:00;4,16900;0,00000;0,00000;0,00000;4,16900;6,35283;-34;
2019-12-26 08:00;2019-12-26 16:00;7,73800;0,00000;0,00000;0,00000;7,73800;6,35283;22;
2019-12-26 16:00;2019-12-27 00:00;8,43900;0,00000;0,00000;0,00000;8,43900;6,35283;33;
2019-12-27 00:00;2019-12-27 08:00;3,63800;0,48600;0,00000;0,00000;4,12400;6,35232;-35;
2019-12-27 08:00;2019-12-27 16:00;0,00000;7,42100;0,00000;0,00000;7,42100;6,35232;17;
2019-12-27 16:00;2019-12-28 00:00;0,66500;9,51000;0,00000;0,00000;10,17500;6,35232;60;
2019-12-28 00:00;2019-12-28 08:00;4,42700;0,00000;0,00000;0,00000;4,42700;6,35171;-30;
2019-12-28 08:00;2019-12-28 16:00;10,16000;0,00000;0,00000;0,00000;10,16000;6,35171;60;
2019-12-28 16:00;2019-12-29 00:00;11,08400;0,00000;0,00000;0,00000;11,08400;6,35171;75;
2019-12-29 00:00;2019-12-29 08:00;4,29100;0,00000;0,00000;0,00000;4,29100;6,35099;-32;
2019-12-29 08:00;2019-12-29 16:00;10,18700;0,00000;0,00000;0,00000;10,18700;6,35099;60;
2019-12-29 16:00;2019-12-30 00:00;9,75100;0,00000;0,00000;0,00000;9,75100;6,35099;54;
2019-12-30 00:00;2019-12-30 08:00;3,48700;0,82400;0,00000;0,00000;4,31100;6,35017;-32;
2019-12-30 08:00;2019-12-30 16:00;0,00000;8,74500;0,00000;0,00000;8,74500;6,35017;38;
2019-12-30 16:00;2019-12-31 00:00;0,80600;8,90600;0,00000;0,00000;9,71200;6,35017;53;
2019-12-31 00:00;2019-12-31 08:00;3,38200;0,68900;0,00000;0,00000;4,07100;6,34924;-36;
2019-12-31 08:00;2019-12-31 16:00;0,00000;6,38400;0,00000;0,00000;6,38400;6,34924;1;
2019-12-31 16:00;2020-01-01 00:00;0,56500;12,27300;0,00000;0,00000;12,83800;6,34924;102;
2019-07-01 00:00;2020-01-01 00:00;1.550,32900;1.720,41300;-4,53300;-39,76700;3.226,44200;3.336,21433;-3;
